Groesse,Strasse,Postleitzahl,Stadt,Mail
S,asd,213,asd,asd@asd
S,asd,213,شسي,شيسش
S,asd,213,شسي,شيسش
S,asd,213,شسي,شيسش
S,شسي,123,شسي,شسي
S,شسي,123,شسي,asd@asdasd
S,asd,132213,asd,asd@asd
S,asd,213,asd,asd@asd
S,sdas,123,asd,asd@asd
S,asd,123,asd,asd@ad.com
S,asd,213,asd,asd@asd
S,asd,213,asd,asd@ad.com
S,asd,213,asd,asd@ad.com
S,123,213,asd,asd@asd
S,asd,231,ads,asd@asd
S,asd,123,asd,asd@adasd.com
S,asd,123,asd,asd@asd
S,asd,123,asd,123
S,123,123,asd,asdasd
S,asd,213,asd,asd@ad.com
S,123,123,123,asd@asd
S,41,213,sad,asd@adasd.com
S,asd,6446,asd,asd@asd
S,123,213,asd,asd@ad.com
S,asd,213,asd,asd@asdasd
S,sad,123,sad,asd@adasd.com
S,123,213,asd,asd@asd
S,asd,213,asd,asd@asdasd
S,asd,213,sad,asd@asd
S,asd,3123,asd,asd@asd
S,111111111111,123,asd,asd@ad.com
